Res Num,Identity
1,0.82
2,1.00
3,0.35
4,0.44
5,1.00
6,1.00
7,0.53
8,0.29
9,1.00
10,0.67
11,0.67
12,0.51
13,0.82
14,1.00
15,0.29
16,1.00
17,0.44
18,1.00
19,0.42
20,1.00
21,0.67
22,0.49
23,1.00
24,0.35
25,0.56
26,0.67
27,1.00
28,1.00
29,1.00
30,0.82
31,1.00
32,1.00
33,0.67
34,0.82
35,0.25
36,1.00
37,0.65
38,1.00
39,1.00
40,1.00
41,1.00
42,1.00
43,0.82
44,0.67
45,0.35
46,0.44
47,0.31
48,0.40
49,0.51
50,0.28
51,0.38
52,0.67
53,0.49
54,1.00
55,0.33
56,0.31
57,0.65
58,0.67
59,0.42
60,0.51
61,0.35
62,0.35
63,0.44
64,0.65
65,0.42
66,1.00
67,0.35
68,0.67
69,0.38
70,0.29
71,0.51
72,0.29
73,0.40
74,0.31
75,1.00
76,0.42
77,1.00
78,0.38
79,0.67
80,0.40
81,0.31
82,1.00
83,0.53
84,0.45
85,0.51
86,0.29
87,1.00
88,0.42
89,0.67
90,0.44
91,1.00
92,0.44
93,0.31
94,0.31
95,1.00
96,0.51
97,0.29
98,1.00
99,1.00
100,0.65
101,0.67
102,0.33
103,1.00
104,0.31
105,0.33
106,0.35
107,0.45
108,0.82
109,1.00
110,0.33
111,0.51
112,1.00
113,0.42
114,0.67
115,1.00
116,1.00
117,0.67
118,1.00
119,0.65
120,1.00
121,0.29
122,0.67
123,0.44
124,1.00
125,0.53
126,0.45
127,0.31
128,0.45
129,0.31
130,0.82
131,1.00
132,0.42
133,0.67
134,0.33
135,1.00
136,1.00
137,0.82
138,1.00
139,1.00
140,1.00
141,0.67
142,0.56
143,1.00
144,0.67
145,1.00
146,1.00
147,1.00
148,0.67
149,1.00
150,0.45
151,0.53
152,0.40
153,0.27
154,0.35
155,0.53
156,0.38
157,0.82
158,0.31
159,1.00
160,0.56
161,1.00
162,0.82
163,1.00
164,0.45
165,0.42
166,1.00
167,1.00
168,0.31
169,0.53
170,1.00
171,0.29
172,1.00
173,0.35
174,1.00
175,0.56
176,0.65
177,0.45
178,0.31
179,1.00
180,0.27
181,0.53
182,1.00
183,1.00
184,0.51
185,0.67
186,0.27
187,1.00
188,0.31
189,0.67
190,0.33
191,0.31
192,1.00
193,0.35
194,0.29
195,0.29
196,0.40
197,0.67
198,0.29
199,0.29
200,0.31
201,0.56
202,0.65
203,1.00
204,0.82
205,0.38
206,1.00
207,0.67
208,1.00
209,1.00
210,1.00
211,1.00
212,0.38
213,0.45
214,1.00
215,0.67
216,0.45
217,0.40
218,1.00
219,0.67
220,0.56
221,0.31
222,0.29
223,0.33
224,0.31
225,0.40
226,0.38
227,0.38
228,0.33
229,0.51
230,0.82
231,1.00
232,0.35
233,0.45
234,1.00
235,0.53
236,0.38
237,0.45
238,0.38
239,0.49
240,0.35
241,0.29
242,0.33
243,0.29
244,0.31
245,0.51
246,0.29
247,0.33
248,0.33
249,0.29
250,0.38
251,0.35
252,0.31
253,1.00
254,0.45
255,0.53
256,0.35
257,1.00
258,1.00
259,0.45
260,0.44
261,0.53
262,0.45
263,0.31
264,0.45
265,0.45
266,0.65
267,0.45
268,0.45
269,0.56
270,0.29
271,0.33
272,1.00
273,0.29
274,0.51
275,1.00
276,0.45
277,0.35
278,1.00
279,0.56
280,0.35
281,1.00
282,0.82
283,1.00
284,0.67
285,0.24
286,0.24
287,0.67
288,0.65
289,1.00
290,1.00
291,0.67
292,0.65
293,0.65
294,0.29
295,0.67
296,1.00
297,0.53
298,0.31
299,1.00
300,0.31
301,0.29
302,1.00
303,0.82
304,0.31
305,0.38
306,1.00
